Patient_ID,Age,Weight,Height_cm,Diagnosis_Date,Glucose_mg_dL,Risk,Weight_kg,Height_m,BMI,Diagnosis_Date_parsed,Diagnosis_Year,Days_Since_Diagnosis,Diagnosis_Code_ANX,Diagnosis_Code_DEP,Diagnosis_Code_OCD,Diagnosis_Code_Unknown,Gender_Female,Gender_Male,Gender_Other,Gender_Unknown,Ethnicity_African,Ethnicity_Asian,Ethnicity_Caucasian,Ethnicity_Hispanic,Ethnicity_Unknown,Ethnicity_asian,Ethnicity_caucasian,Age_scaled,Weight_kg_scaled,Height_cm_scaled,BMI_scaled,Glucose_mg_dL_scaled,Days_Since_Diagnosis_scaled
P_new_63,45,,175,10/21/2021,140,0,75,1.75,27.55,10/21/2021,2021,1345,FALSE,FALSE,FALSE,TRUE,FALSE,FALSE,FALSE,TRUE,FALSE,FALSE,FALSE,FALSE,FALSE,TRUE,FALSE,-0.373800791,-0.42343382,0.942921476,-0.219811334,-0.357645322,-0.540277998
P016,50,,165,5/20/2020,100,0,75,1.65,27.55,5/20/2020,2020,1864,FALSE,TRUE,FALSE,FALSE,FALSE,TRUE,FALSE,FALSE,FALSE,FALSE,FALSE,FALSE,TRUE,FALSE,FALSE,-0.288335945,-0.42343382,-0.455568803,-0.219811334,-0.601410465,0.317585189
P006,25,,165,15/06/2021,110,0,75,,27.55,,,1684,FALSE,FALSE,TRUE,FALSE,TRUE,FALSE,FALSE,FALSE,FALSE,FALSE,TRUE,FALSE,FALSE,FALSE,FALSE,-0.715660174,-0.42343382,-0.455568803,-0.219811334,-0.540469179,0.020060385
P_new_126,34,70,160,10/19/2016,110,1,70,1.6,27.34,10/19/2016,2016,3173,FALSE,FALSE,TRUE,FALSE,FALSE,TRUE,FALSE,FALSE,FALSE,FALSE,FALSE,FALSE,FALSE,TRUE,FALSE,-0.561823452,-0.765414144,-1.154813942,-0.262745171,-0.540469179,2.481251687
P_new_96,25,70,180,2/9/2016,140,0,70,1.8,21.6,2/9/2016,2016,3426,TRUE,FALSE,FALSE,FALSE,FALSE,FALSE,FALSE,TRUE,FALSE,TRUE,FALSE,FALSE,FALSE,FALSE,FALSE,-0.715660174,-0.765414144,1.642166615,-1.436270054,-0.357645322,2.899439329
P_new_83,25,110,180,5/13/2024,110,0,110,1.8,33.95,5/13/2024,2024,410,FALSE,TRUE,FALSE,FALSE,FALSE,TRUE,FALSE,FALSE,TRUE,FALSE,FALSE,FALSE,FALSE,FALSE,FALSE,-0.715660174,1.97042845,1.642166615,1.088648466,-0.540469179,-2.085754068
P_new_37,45,,175,12/31/2017,90,1,75,1.75,27.55,12/31/2017,2017,2735,FALSE,FALSE,FALSE,TRUE,FALSE,TRUE,FALSE,FALSE,TRUE,FALSE,FALSE,FALSE,FALSE,FALSE,FALSE,-0.373800791,-0.42343382,0.942921476,-0.219811334,-0.66235175,1.757274662
P_new_138,60,,175,12/15/2022,110,0,75,1.75,27.55,12/15/2022,2022,925,FALSE,FALSE,TRUE,FALSE,FALSE,TRUE,FALSE,FALSE,FALSE,FALSE,FALSE,FALSE,TRUE,FALSE,FALSE,-0.117406253,-0.42343382,0.942921476,-0.219811334,-0.540469179,-1.234502543
P_new_142,45,150lbs,165,3/4/2024,140,0,68.04,,27.55,3/4/2024,2024,480,FALSE,FALSE,FALSE,TRUE,TRUE,FALSE,FALSE,FALSE,FALSE,TRUE,FALSE,FALSE,FALSE,FALSE,FALSE,-0.373800791,-0.899470431,-0.455568803,-0.219811334,-0.357645322,-1.970049977
P_new_13,45,150lbs,165,10/10/2022,90,0,68.04,,27.55,10/10/2022,2022,991,FALSE,TRUE,FALSE,FALSE,TRUE,FALSE,FALSE,FALSE,FALSE,FALSE,FALSE,TRUE,FALSE,FALSE,FALSE,-0.373800791,-0.899470431,-0.455568803,-0.219811334,-0.66235175,-1.125410114
P_new_34,25,70,160,3/10/2021,110,0,70,1.6,27.34,3/10/2021,2021,1570,TRUE,FALSE,FALSE,FALSE,FALSE,FALSE,FALSE,TRUE,FALSE,FALSE,FALSE,FALSE,FALSE,TRUE,FALSE,-0.715660174,-0.765414144,-1.154813942,-0.262745171,-0.540469179,-0.168371992
P_new_150,200,70,165,10/11/2024,500,0,70,,27.55,10/11/2024,2024,259,FALSE,FALSE,TRUE,FALSE,FALSE,TRUE,FALSE,FALSE,FALSE,TRUE,FALSE,FALSE,FALSE,FALSE,FALSE,2.275609433,-0.765414144,-0.455568803,-0.219811334,1.836240958,-2.335344321
P_new_133,34,90,175,2/2/2018,110,0,90,1.75,29.39,,,1684,FALSE,FALSE,TRUE,FALSE,FALSE,TRUE,FALSE,FALSE,FALSE,FALSE,FALSE,TRUE,FALSE,FALSE,FALSE,-0.561823452,0.602507153,0.942921476,0.156370859,-0.540469179,0.020060385
P_new_46,60,,180,8/21/2018,140,0,75,1.8,27.55,8/21/2018,2018,2502,FALSE,FALSE,TRUE,FALSE,TRUE,FALSE,FALSE,FALSE,FALSE,TRUE,FALSE,FALSE,FALSE,FALSE,FALSE,-0.117406253,-0.42343382,1.642166615,-0.219811334,-0.357645322,1.372145331
P_new_154,45,70,180,4/21/2020,110,0,70,1.8,21.6,4/21/2020,2020,1893,FALSE,FALSE,TRUE,FALSE,FALSE,TRUE,FALSE,FALSE,TRUE,FALSE,FALSE,FALSE,FALSE,FALSE,FALSE,-0.373800791,-0.765414144,1.642166615,-1.436270054,-0.540469179,0.365519741
P_new_145,45,,160,10/1/2018,500,1,75,1.6,27.55,,,1684,TRUE,FALSE,FALSE,FALSE,TRUE,FALSE,FALSE,FALSE,FALSE,FALSE,FALSE,FALSE,TRUE,FALSE,FALSE,-0.373800791,-0.42343382,-1.154813942,-0.219811334,1.836240958,0.020060385
P_new_24,60,110,165,21/03/2020,90,1,110,1.65,40.4,,,1684,FALSE,TRUE,FALSE,FALSE,FALSE,TRUE,FALSE,FALSE,FALSE,TRUE,FALSE,FALSE,FALSE,FALSE,FALSE,-0.117406253,1.97042845,-0.455568803,2.407330608,-0.66235175,0.020060385
P_new_120,34,70,160,1/24/2019,110,0,70,1.6,27.34,1/24/2019,2019,2346,FALSE,TRUE,FALSE,FALSE,FALSE,FALSE,FALSE,TRUE,FALSE,FALSE,FALSE,FALSE,FALSE,TRUE,FALSE,-0.561823452,-0.765414144,-1.154813942,-0.262745171,-0.540469179,1.1142905
P_new_50,34,70,165,23/04/2024,90,0,70,1.65,25.71,,,1684,FALSE,FALSE,FALSE,TRUE,FALSE,TRUE,FALSE,FALSE,FALSE,TRUE,FALSE,FALSE,FALSE,FALSE,FALSE,-0.561823452,-0.765414144,-0.455568803,-0.595993526,-0.66235175,0.020060385
P_new_36,34,,175,5/5/2017,110,1,75,1.75,27.55,,,1684,FALSE,FALSE,TRUE,FALSE,FALSE,FALSE,FALSE,TRUE,TRUE,FALSE,FALSE,FALSE,FALSE,FALSE,FALSE,-0.561823452,-0.42343382,0.942921476,-0.219811334,-0.540469179,0.020060385
P_new_92,25,110,160,18/05/2019,90,1,110,1.6,42.97,,,1684,FALSE,FALSE,TRUE,FALSE,FALSE,TRUE,FALSE,FALSE,FALSE,FALSE,FALSE,FALSE,TRUE,FALSE,FALSE,-0.715660174,1.97042845,-1.154813942,2.932758996,-0.66235175,0.020060385
P017,200,75,165,,90,0,75,,27.55,,,1684,FALSE,TRUE,FALSE,FALSE,TRUE,FALSE,FALSE,FALSE,FALSE,FALSE,FALSE,FALSE,FALSE,FALSE,TRUE,2.275609433,-0.42343382,-0.455568803,-0.219811334,-0.66235175,0.020060385
P_new_116,200,110,180,16/06/2021,140,1,110,1.8,33.95,,,1684,TRUE,FALSE,FALSE,FALSE,FALSE,TRUE,FALSE,FALSE,FALSE,FALSE,FALSE,TRUE,FALSE,FALSE,FALSE,2.275609433,1.97042845,1.642166615,1.088648466,-0.357645322,0.020060385
P_new_61,45,150lbs,165,3/6/2022,110,0,68.04,,27.55,,,1684,FALSE,FALSE,FALSE,TRUE,FALSE,TRUE,FALSE,FALSE,FALSE,TRUE,FALSE,FALSE,FALSE,FALSE,FALSE,-0.373800791,-0.899470431,-0.455568803,-0.219811334,-0.540469179,0.020060385
P_new_33,200,,165,29/09/2019,140,0,75,1.65,27.55,,,1684,FALSE,FALSE,FALSE,TRUE,FALSE,TRUE,FALSE,FALSE,FALSE,FALSE,FALSE,TRUE,FALSE,FALSE,FALSE,2.275609433,-0.42343382,-0.455568803,-0.219811334,-0.357645322,0.020060385
P_new_28,200,70,165,7/6/2024,90,0,70,1.65,25.71,,,1684,TRUE,FALSE,FALSE,FALSE,FALSE,TRUE,FALSE,FALSE,TRUE,FALSE,FALSE,FALSE,FALSE,FALSE,FALSE,2.275609433,-0.765414144,-0.455568803,-0.595993526,-0.66235175,0.020060385
P_new_52,25,70,180,13/03/2025,90,0,70,1.8,21.6,,,1684,FALSE,TRUE,FALSE,FALSE,FALSE,TRUE,FALSE,FALSE,FALSE,FALSE,FALSE,FALSE,TRUE,FALSE,FALSE,-0.715660174,-0.765414144,1.642166615,-1.436270054,-0.66235175,0.020060385
P_new_35,34,150lbs,180,3/1/2024,500,0,68.04,1.8,21,,,1684,FALSE,FALSE,TRUE,FALSE,TRUE,FALSE,FALSE,FALSE,FALSE,TRUE,FALSE,FALSE,FALSE,FALSE,FALSE,-0.561823452,-0.899470431,1.642166615,-1.55893816,1.836240958,0.020060385
P_new_93,25,90,165,10/23/2019,90,1,90,1.65,33.06,10/23/2019,2019,2074,TRUE,FALSE,FALSE,FALSE,TRUE,FALSE,FALSE,FALSE,FALSE,FALSE,FALSE,TRUE,FALSE,FALSE,FALSE,-0.715660174,0.602507153,-0.455568803,0.906690775,-0.66235175,0.664697462
P_new_100,34,90,175,9/6/2021,110,0,90,1.75,29.39,9/6/2021,2021,1390,TRUE,FALSE,FALSE,FALSE,FALSE,TRUE,FALSE,FALSE,FALSE,FALSE,TRUE,FALSE,FALSE,FALSE,FALSE,-0.561823452,0.602507153,0.942921476,0.156370859,-0.540469179,-0.465896797
P010,45,160lbs,175,1/10/2022,500,1,72.57,1.75,23.7,1/10/2022,2022,1264,FALSE,TRUE,FALSE,FALSE,TRUE,FALSE,FALSE,FALSE,FALSE,FALSE,FALSE,FALSE,TRUE,FALSE,FALSE,-0.373800791,-0.589636257,0.942921476,-1.006931682,1.836240958,-0.67416416
P019,45,,160,,100,0,75,1.6,27.55,,,1684,FALSE,FALSE,FALSE,TRUE,FALSE,FALSE,FALSE,TRUE,FALSE,FALSE,FALSE,FALSE,FALSE,TRUE,FALSE,-0.373800791,-0.42343382,-1.154813942,-0.219811334,-0.601410465,0.020060385
P_new_23,60,,165,2/3/2020,110,1,75,1.65,27.55,2/3/2020,2020,1971,TRUE,FALSE,FALSE,FALSE,FALSE,FALSE,FALSE,TRUE,FALSE,TRUE,FALSE,FALSE,FALSE,FALSE,FALSE,-0.117406253,-0.42343382,-0.455568803,-0.219811334,-0.540469179,0.494447157
P_new_43,34,150lbs,160,27/12/2017,500,1,68.04,1.6,26.58,,,1684,FALSE,FALSE,TRUE,FALSE,FALSE,FALSE,FALSE,TRUE,FALSE,FALSE,FALSE,FALSE,TRUE,FALSE,FALSE,-0.561823452,-0.899470431,-1.154813942,-0.418124772,1.836240958,0.020060385
P_new_118,34,150lbs,165,1/20/2023,110,0,68.04,1.65,24.99,1/20/2023,2023,889,FALSE,FALSE,TRUE,FALSE,FALSE,TRUE,FALSE,FALSE,FALSE,TRUE,FALSE,FALSE,FALSE,FALSE,FALSE,-0.561823452,-0.899470431,-0.455568803,-0.743195254,-0.540469179,-1.294007504
P_new_72,60,150lbs,160,10/11/2023,90,1,68.04,1.6,26.58,,,1684,FALSE,FALSE,TRUE,FALSE,FALSE,TRUE,FALSE,FALSE,FALSE,FALSE,FALSE,FALSE,FALSE,TRUE,FALSE,-0.117406253,-0.899470431,-1.154813942,-0.418124772,-0.66235175,0.020060385
P_new_103,60,,160,10/5/2023,110,0,75,1.6,27.55,10/5/2023,2023,631,TRUE,FALSE,FALSE,FALSE,TRUE,FALSE,FALSE,FALSE,FALSE,FALSE,FALSE,TRUE,FALSE,FALSE,FALSE,-0.117406253,-0.42343382,-1.154813942,-0.219811334,-0.540469179,-1.720459724
P_new_105,60,150lbs,180,10/11/2019,110,1,68.04,1.8,21,10/11/2019,2019,2086,FALSE,FALSE,TRUE,FALSE,TRUE,FALSE,FALSE,FALSE,FALSE,TRUE,FALSE,FALSE,FALSE,FALSE,FALSE,-0.117406253,-0.899470431,1.642166615,-1.55893816,-0.540469179,0.684532449
P_new_132,200,150lbs,160,1/19/2023,110,0,68.04,1.6,26.58,1/19/2023,2023,890,FALSE,FALSE,TRUE,FALSE,TRUE,FALSE,FALSE,FALSE,TRUE,FALSE,FALSE,FALSE,FALSE,FALSE,FALSE,2.275609433,-0.899470431,-1.154813942,-0.418124772,-0.540469179,-1.292354588
P_new_44,45,90,175,8/1/2024,110,0,90,1.75,29.39,,,1684,TRUE,FALSE,FALSE,FALSE,FALSE,TRUE,FALSE,FALSE,FALSE,FALSE,FALSE,FALSE,TRUE,FALSE,FALSE,-0.373800791,0.602507153,0.942921476,0.156370859,-0.540469179,0.020060385
P_new_47,25,110,165,1/20/2020,140,1,110,,27.55,1/20/2020,2020,1985,TRUE,FALSE,FALSE,FALSE,FALSE,TRUE,FALSE,FALSE,FALSE,FALSE,FALSE,FALSE,FALSE,TRUE,FALSE,-0.715660174,1.97042845,-0.455568803,-0.219811334,-0.357645322,0.517587975
P_new_165,60,70,180,24/04/2024,110,1,70,1.8,21.6,,,1684,FALSE,FALSE,TRUE,FALSE,TRUE,FALSE,FALSE,FALSE,FALSE,FALSE,FALSE,FALSE,TRUE,FALSE,FALSE,-0.117406253,-0.765414144,1.642166615,-1.436270054,-0.540469179,0.020060385
P_new_6,25,70,175,20/08/2025,110,1,70,1.75,22.86,,,1684,FALSE,TRUE,FALSE,FALSE,FALSE,FALSE,FALSE,TRUE,FALSE,TRUE,FALSE,FALSE,FALSE,FALSE,FALSE,-0.715660174,-0.765414144,0.942921476,-1.178667031,-0.540469179,0.020060385
P025,35,80,165,5/20/2020,500,0,80,,27.55,5/20/2020,2020,1864,TRUE,FALSE,FALSE,FALSE,FALSE,FALSE,TRUE,FALSE,TRUE,FALSE,FALSE,FALSE,FALSE,FALSE,FALSE,-0.544730483,-0.081453495,-0.455568803,-0.219811334,1.836240958,0.317585189
P_new_90,45,70,160,11/19/2017,140,1,70,1.6,27.34,11/19/2017,2017,2777,FALSE,FALSE,TRUE,FALSE,TRUE,FALSE,FALSE,FALSE,FALSE,FALSE,FALSE,TRUE,FALSE,FALSE,FALSE,-0.373800791,-0.765414144,-1.154813942,-0.262745171,-0.357645322,1.826697116
P_new_163,25,150lbs,165,12/31/2020,110,1,68.04,1.65,24.99,12/31/2020,2020,1639,FALSE,FALSE,TRUE,FALSE,FALSE,TRUE,FALSE,FALSE,FALSE,FALSE,FALSE,FALSE,FALSE,TRUE,FALSE,-0.715660174,-0.899470431,-0.455568803,-0.743195254,-0.540469179,-0.054320817
P030,30,,165,,110,0,75,1.65,27.55,,,1684,FALSE,FALSE,TRUE,FALSE,FALSE,TRUE,FALSE,FALSE,TRUE,FALSE,FALSE,FALSE,FALSE,FALSE,FALSE,-0.630195328,-0.42343382,-0.455568803,-0.219811334,-0.540469179,0.020060385
P020,30,80,160,,500,1,80,1.6,31.25,,,1684,FALSE,TRUE,FALSE,FALSE,TRUE,FALSE,FALSE,FALSE,FALSE,FALSE,FALSE,FALSE,TRUE,FALSE,FALSE,-0.630195328,-0.081453495,-1.154813942,0.536641988,1.836240958,0.020060385
P_new_111,45,110,165,12/10/2016,500,1,110,,27.55,,,1684,FALSE,FALSE,TRUE,FALSE,FALSE,TRUE,FALSE,FALSE,FALSE,FALSE,FALSE,FALSE,FALSE,TRUE,FALSE,-0.373800791,1.97042845,-0.455568803,-0.219811334,1.836240958,0.020060385
P_new_54,34,70,175,5/20/2018,110,0,70,1.75,22.86,5/20/2018,2018,2595,FALSE,FALSE,TRUE,FALSE,FALSE,TRUE,FALSE,FALSE,FALSE,FALSE,FALSE,FALSE,TRUE,FALSE,FALSE,-0.561823452,-0.765414144,0.942921476,-1.178667031,-0.540469179,1.52586648
P_new_82,45,110,175,4/14/2019,110,0,110,1.75,35.92,4/14/2019,2019,2266,FALSE,FALSE,TRUE,FALSE,FALSE,TRUE,FALSE,FALSE,FALSE,FALSE,FALSE,TRUE,FALSE,FALSE,FALSE,-0.373800791,1.97042845,0.942921476,1.491408748,-0.540469179,0.982057254
P_new_141,45,,165,26/09/2023,110,1,75,,27.55,,,1684,TRUE,FALSE,FALSE,FALSE,TRUE,FALSE,FALSE,FALSE,FALSE,FALSE,FALSE,FALSE,FALSE,TRUE,FALSE,-0.373800791,-0.42343382,-0.455568803,-0.219811334,-0.540469179,0.020060385
P_new_94,200,110,175,6/27/2025,110,0,110,1.75,35.92,6/27/2025,2025,0,FALSE,FALSE,FALSE,TRUE,FALSE,FALSE,FALSE,TRUE,FALSE,FALSE,FALSE,TRUE,FALSE,FALSE,FALSE,2.275609433,1.97042845,0.942921476,1.491408748,-0.540469179,-2.763449456
P_new_85,60,70,160,6/4/2024,90,1,70,1.6,27.34,6/4/2024,2024,388,FALSE,TRUE,FALSE,FALSE,TRUE,FALSE,FALSE,FALSE,FALSE,TRUE,FALSE,FALSE,FALSE,FALSE,FALSE,-0.117406253,-0.765414144,-1.154813942,-0.262745171,-0.66235175,-2.12211821
P_new_41,60,90,175,7/1/2017,140,0,90,1.75,29.39,,,1684,FALSE,FALSE,TRUE,FALSE,FALSE,TRUE,FALSE,FALSE,FALSE,FALSE,TRUE,FALSE,FALSE,FALSE,FALSE,-0.117406253,0.602507153,0.942921476,0.156370859,-0.357645322,0.020060385
P_new_108,45,90,165,14/02/2021,140,1,90,,27.55,,,1684,FALSE,FALSE,TRUE,FALSE,FALSE,FALSE,FALSE,TRUE,TRUE,FALSE,FALSE,FALSE,FALSE,FALSE,FALSE,-0.373800791,0.602507153,-0.455568803,-0.219811334,-0.357645322,0.020060385
P_new_66,200,,175,30/06/2016,500,0,75,1.75,27.55,,,1684,FALSE,TRUE,FALSE,FALSE,FALSE,TRUE,FALSE,FALSE,FALSE,TRUE,FALSE,FALSE,FALSE,FALSE,FALSE,2.275609433,-0.42343382,0.942921476,-0.219811334,1.836240958,0.020060385
P_new_140,45,90,175,15/10/2024,500,1,90,1.75,29.39,,,1684,FALSE,FALSE,TRUE,FALSE,FALSE,FALSE,FALSE,TRUE,TRUE,FALSE,FALSE,FALSE,FALSE,FALSE,FALSE,-0.373800791,0.602507153,0.942921476,0.156370859,1.836240958,0.020060385
P_new_64,200,110,175,30/11/2017,90,0,110,1.75,35.92,,,1684,FALSE,TRUE,FALSE,FALSE,TRUE,FALSE,FALSE,FALSE,FALSE,FALSE,FALSE,FALSE,FALSE,TRUE,FALSE,2.275609433,1.97042845,0.942921476,1.491408748,-0.66235175,0.020060385
P_new_137,60,70,160,3/1/2017,110,1,70,1.6,27.34,,,1684,FALSE,FALSE,TRUE,FALSE,TRUE,FALSE,FALSE,FALSE,FALSE,FALSE,TRUE,FALSE,FALSE,FALSE,FALSE,-0.117406253,-0.765414144,-1.154813942,-0.262745171,-0.540469179,0.020060385
P_new_65,200,,180,6/22/2019,90,1,75,1.8,27.55,6/22/2019,2019,2197,FALSE,FALSE,TRUE,FALSE,FALSE,TRUE,FALSE,FALSE,FALSE,FALSE,FALSE,TRUE,FALSE,FALSE,FALSE,2.275609433,-0.42343382,1.642166615,-0.219811334,-0.66235175,0.868006078
P007,50,160lbs,165,15/06/2021,85,0,72.57,1.65,26.66,,,1684,FALSE,FALSE,FALSE,TRUE,TRUE,FALSE,FALSE,FALSE,FALSE,FALSE,FALSE,FALSE,FALSE,FALSE,TRUE,-0.288335945,-0.589636257,-0.455568803,-0.401769025,-0.692822393,0.020060385
P013,50,75,165,5/20/2020,100,1,75,1.65,27.55,5/20/2020,2020,1864,FALSE,TRUE,FALSE,FALSE,TRUE,FALSE,FALSE,FALSE,FALSE,FALSE,FALSE,FALSE,TRUE,FALSE,FALSE,-0.288335945,-0.42343382,-0.455568803,-0.219811334,-0.601410465,0.317585189
P_new_3,45,70,165,5/10/2025,90,0,70,1.65,25.71,5/10/2025,2025,48,TRUE,FALSE,FALSE,FALSE,TRUE,FALSE,FALSE,FALSE,TRUE,FALSE,FALSE,FALSE,FALSE,FALSE,FALSE,-0.373800791,-0.765414144,-0.455568803,-0.595993526,-0.66235175,-2.684109508
P_new_87,45,150lbs,180,12/18/2019,110,1,68.04,1.8,21,12/18/2019,2019,2018,FALSE,FALSE,FALSE,TRUE,FALSE,TRUE,FALSE,FALSE,FALSE,FALSE,FALSE,FALSE,FALSE,TRUE,FALSE,-0.373800791,-0.899470431,1.642166615,-1.55893816,-0.540469179,0.572134189
P_new_10,45,90,165,1/19/2025,110,1,90,1.65,33.06,1/19/2025,2025,159,TRUE,FALSE,FALSE,FALSE,FALSE,FALSE,FALSE,TRUE,FALSE,FALSE,FALSE,FALSE,TRUE,FALSE,FALSE,-0.373800791,0.602507153,-0.455568803,0.906690775,-0.540469179,-2.500635879
P_new_157,60,110,165,28/06/2021,140,1,110,,27.55,,,1684,FALSE,TRUE,FALSE,FALSE,TRUE,FALSE,FALSE,FALSE,FALSE,FALSE,FALSE,TRUE,FALSE,FALSE,FALSE,-0.117406253,1.97042845,-0.455568803,-0.219811334,-0.357645322,0.020060385
P_new_58,25,110,165,30/01/2017,500,0,110,,27.55,,,1684,FALSE,FALSE,TRUE,FALSE,FALSE,FALSE,FALSE,TRUE,FALSE,FALSE,FALSE,FALSE,FALSE,TRUE,FALSE,-0.715660174,1.97042845,-0.455568803,-0.219811334,1.836240958,0.020060385
P_new_104,45,150lbs,180,3/31/2018,110,1,68.04,1.8,21,3/31/2018,2018,2645,FALSE,FALSE,TRUE,FALSE,TRUE,FALSE,FALSE,FALSE,FALSE,FALSE,FALSE,FALSE,FALSE,TRUE,FALSE,-0.373800791,-0.899470431,1.642166615,-1.55893816,-0.540469179,1.608512259
P_new_19,34,70,180,18/04/2018,500,1,70,1.8,21.6,,,1684,FALSE,FALSE,TRUE,FALSE,TRUE,FALSE,FALSE,FALSE,FALSE,TRUE,FALSE,FALSE,FALSE,FALSE,FALSE,-0.561823452,-0.765414144,1.642166615,-1.436270054,1.836240958,0.020060385
P_new_95,60,70,165,11/24/2016,110,0,70,,27.55,11/24/2016,2016,3137,TRUE,FALSE,FALSE,FALSE,FALSE,TRUE,FALSE,FALSE,FALSE,FALSE,FALSE,FALSE,FALSE,TRUE,FALSE,-0.117406253,-0.765414144,-0.455568803,-0.219811334,-0.540469179,2.421746726
P_new_130,60,110,165,1/28/2019,110,1,110,1.65,40.4,1/28/2019,2019,2342,FALSE,FALSE,TRUE,FALSE,TRUE,FALSE,FALSE,FALSE,TRUE,FALSE,FALSE,FALSE,FALSE,FALSE,FALSE,-0.117406253,1.97042845,-0.455568803,2.407330608,-0.540469179,1.107678838
P_new_9,34,110,175,11/7/2022,110,0,110,1.75,35.92,11/7/2022,2022,963,FALSE,FALSE,TRUE,FALSE,FALSE,FALSE,FALSE,TRUE,FALSE,TRUE,FALSE,FALSE,FALSE,FALSE,FALSE,-0.561823452,1.97042845,0.942921476,1.491408748,-0.540469179,-1.17169175
P_new_86,34,,165,26/08/2022,500,1,75,1.65,27.55,,,1684,FALSE,FALSE,TRUE,FALSE,FALSE,TRUE,FALSE,FALSE,FALSE,FALSE,FALSE,TRUE,FALSE,FALSE,FALSE,-0.561823452,-0.42343382,-0.455568803,-0.219811334,1.836240958,0.020060385
P_new_81,60,150lbs,160,5/8/2025,90,0,68.04,1.6,26.58,5/8/2025,2025,50,TRUE,FALSE,FALSE,FALSE,FALSE,TRUE,FALSE,FALSE,FALSE,TRUE,FALSE,FALSE,FALSE,FALSE,FALSE,-0.117406253,-0.899470431,-1.154813942,-0.418124772,-0.66235175,-2.680803677
P027,60,160lbs,175,5/20/2020,100,1,72.57,1.75,23.7,5/20/2020,2020,1864,TRUE,FALSE,FALSE,FALSE,FALSE,TRUE,FALSE,FALSE,FALSE,FALSE,FALSE,FALSE,FALSE,FALSE,TRUE,-0.117406253,-0.589636257,0.942921476,-1.006931682,-0.601410465,0.317585189
P_new_107,25,90,180,8/6/2022,110,0,90,1.8,27.78,8/6/2022,2022,1056,FALSE,FALSE,TRUE,FALSE,FALSE,TRUE,FALSE,FALSE,FALSE,TRUE,FALSE,FALSE,FALSE,FALSE,FALSE,-0.715660174,0.602507153,1.642166615,-0.17278856,-0.540469179,-1.017970601
P_new_68,45,150lbs,160,27/03/2025,90,0,68.04,1.6,26.58,,,1684,TRUE,FALSE,FALSE,FALSE,FALSE,FALSE,FALSE,TRUE,FALSE,FALSE,FALSE,FALSE,FALSE,TRUE,FALSE,-0.373800791,-0.899470431,-1.154813942,-0.418124772,-0.66235175,0.020060385
P_new_79,25,110,175,23/10/2019,500,0,110,1.75,35.92,,,1684,FALSE,FALSE,TRUE,FALSE,FALSE,FALSE,FALSE,TRUE,FALSE,FALSE,FALSE,FALSE,TRUE,FALSE,FALSE,-0.715660174,1.97042845,0.942921476,1.491408748,1.836240958,0.020060385
P003,200,,160,,100,0,75,1.6,27.55,,,1684,FALSE,FALSE,FALSE,TRUE,FALSE,TRUE,FALSE,FALSE,FALSE,FALSE,FALSE,FALSE,FALSE,FALSE,TRUE,2.275609433,-0.42343382,-1.154813942,-0.219811334,-0.601410465,0.020060385
P_new_45,45,70,160,12/12/2019,500,0,70,1.6,27.34,,,1684,FALSE,FALSE,TRUE,FALSE,TRUE,FALSE,FALSE,FALSE,TRUE,FALSE,FALSE,FALSE,FALSE,FALSE,FALSE,-0.373800791,-0.765414144,-1.154813942,-0.262745171,1.836240958,0.020060385
P_new_14,200,110,175,26/09/2023,500,0,110,1.75,35.92,,,1684,TRUE,FALSE,FALSE,FALSE,FALSE,TRUE,FALSE,FALSE,FALSE,TRUE,FALSE,FALSE,FALSE,FALSE,FALSE,2.275609433,1.97042845,0.942921476,1.491408748,1.836240958,0.020060385
P_new_155,45,90,165,4/3/2023,110,0,90,1.65,33.06,,,1684,FALSE,FALSE,TRUE,FALSE,FALSE,FALSE,FALSE,TRUE,FALSE,FALSE,FALSE,TRUE,FALSE,FALSE,FALSE,-0.373800791,0.602507153,-0.455568803,0.906690775,-0.540469179,0.020060385
P_new_159,60,150lbs,165,5/26/2017,140,0,68.04,1.65,24.99,5/26/2017,2017,2954,FALSE,TRUE,FALSE,FALSE,TRUE,FALSE,FALSE,FALSE,FALSE,FALSE,FALSE,FALSE,FALSE,TRUE,FALSE,-0.117406253,-0.899470431,-0.455568803,-0.743195254,-0.357645322,2.119263174
P_new_53,34,110,180,3/12/2020,110,1,110,1.8,33.95,,,1684,FALSE,FALSE,FALSE,TRUE,FALSE,TRUE,FALSE,FALSE,FALSE,FALSE,FALSE,FALSE,TRUE,FALSE,FALSE,-0.561823452,1.97042845,1.642166615,1.088648466,-0.540469179,0.020060385
P_new_129,60,150lbs,165,2/8/2018,140,1,68.04,,27.55,2/8/2018,2018,2696,TRUE,FALSE,FALSE,FALSE,FALSE,TRUE,FALSE,FALSE,FALSE,FALSE,FALSE,FALSE,TRUE,FALSE,FALSE,-0.117406253,-0.899470431,-0.455568803,-0.219811334,-0.357645322,1.692810954
P_new_4,200,90,160,5/4/2022,110,1,90,1.6,35.16,,,1684,FALSE,FALSE,FALSE,TRUE,TRUE,FALSE,FALSE,FALSE,FALSE,FALSE,FALSE,FALSE,FALSE,TRUE,FALSE,2.275609433,0.602507153,-1.154813942,1.336029147,-0.540469179,0.020060385
P_new_158,45,70,165,8/28/2023,90,1,70,1.65,25.71,8/28/2023,2023,669,FALSE,TRUE,FALSE,FALSE,TRUE,FALSE,FALSE,FALSE,FALSE,FALSE,TRUE,FALSE,FALSE,FALSE,FALSE,-0.373800791,-0.765414144,-0.455568803,-0.595993526,-0.66235175,-1.657648932
P_new_29,200,,165,4/11/2022,140,0,75,1.65,27.55,4/11/2022,2022,1173,FALSE,FALSE,FALSE,TRUE,TRUE,FALSE,FALSE,FALSE,TRUE,FALSE,FALSE,FALSE,FALSE,FALSE,FALSE,2.275609433,-0.42343382,-0.455568803,-0.219811334,-0.357645322,-0.824579478
P023,25,150lbs,170,5/20/2020,500,0,68.04,1.7,23.54,5/20/2020,2020,1864,TRUE,FALSE,FALSE,FALSE,FALSE,FALSE,FALSE,TRUE,FALSE,FALSE,TRUE,FALSE,FALSE,FALSE,FALSE,-0.715660174,-0.899470431,0.243676336,-1.039643177,1.836240958,0.317585189
P_new_109,25,90,160,3/4/2024,90,1,90,1.6,35.16,,,1684,FALSE,TRUE,FALSE,FALSE,FALSE,FALSE,FALSE,TRUE,FALSE,FALSE,FALSE,FALSE,FALSE,TRUE,FALSE,-0.715660174,0.602507153,-1.154813942,1.336029147,-0.66235175,0.020060385
P_new_69,60,150lbs,180,10/10/2022,140,0,68.04,1.8,21,,,1684,FALSE,FALSE,TRUE,FALSE,TRUE,FALSE,FALSE,FALSE,FALSE,TRUE,FALSE,FALSE,FALSE,FALSE,FALSE,-0.117406253,-0.899470431,1.642166615,-1.55893816,-0.357645322,0.020060385
P_new_1,25,90,160,9/7/2020,90,0,90,1.6,35.16,,,1684,FALSE,TRUE,FALSE,FALSE,FALSE,TRUE,FALSE,FALSE,FALSE,FALSE,TRUE,FALSE,FALSE,FALSE,FALSE,-0.715660174,0.602507153,-1.154813942,1.336029147,-0.66235175,0.020060385
P012,45,75,170,,500,0,75,1.7,25.95,,,1684,FALSE,FALSE,TRUE,FALSE,FALSE,TRUE,FALSE,FALSE,FALSE,FALSE,FALSE,FALSE,TRUE,FALSE,FALSE,-0.373800791,-0.42343382,0.243676336,-0.546926284,1.836240958,0.020060385
P_new_162,25,90,165,3/23/2023,90,0,90,,27.55,3/23/2023,2023,827,FALSE,FALSE,FALSE,TRUE,TRUE,FALSE,FALSE,FALSE,FALSE,FALSE,FALSE,FALSE,TRUE,FALSE,FALSE,-0.715660174,0.602507153,-0.455568803,-0.219811334,-0.66235175,-1.39648827
P_new_127,60,,180,30/10/2016,90,0,75,1.8,27.55,,,1684,FALSE,TRUE,FALSE,FALSE,FALSE,FALSE,FALSE,TRUE,FALSE,FALSE,TRUE,FALSE,FALSE,FALSE,FALSE,-0.117406253,-0.42343382,1.642166615,-0.219811334,-0.66235175,0.020060385
P028,45,80,160,5/20/2020,90,1,80,1.6,31.25,5/20/2020,2020,1864,FALSE,TRUE,FALSE,FALSE,TRUE,FALSE,FALSE,FALSE,FALSE,FALSE,FALSE,FALSE,TRUE,FALSE,FALSE,-0.373800791,-0.081453495,-1.154813942,0.536641988,-0.66235175,0.317585189
P_new_88,45,,165,15/09/2024,90,1,75,,27.55,,,1684,TRUE,FALSE,FALSE,FALSE,TRUE,FALSE,FALSE,FALSE,FALSE,FALSE,FALSE,FALSE,TRUE,FALSE,FALSE,-0.373800791,-0.42343382,-0.455568803,-0.219811334,-0.66235175,0.020060385
P005,45,75,160,15/06/2021,500,0,75,1.6,29.3,,,1684,FALSE,FALSE,FALSE,TRUE,FALSE,FALSE,TRUE,FALSE,FALSE,FALSE,FALSE,FALSE,FALSE,TRUE,FALSE,-0.373800791,-0.42343382,-1.154813942,0.137970643,1.836240958,0.020060385
P_new_0,45,70,180,12/25/2021,110,0,70,1.8,21.6,12/25/2021,2021,1280,TRUE,FALSE,FALSE,FALSE,FALSE,FALSE,FALSE,TRUE,FALSE,FALSE,FALSE,FALSE,FALSE,TRUE,FALSE,-0.373800791,-0.765414144,1.642166615,-1.436270054,-0.540469179,-0.647717511
P_new_110,200,,165,12/9/2016,500,1,75,,27.55,,,1684,TRUE,FALSE,FALSE,FALSE,TRUE,FALSE,FALSE,FALSE,TRUE,FALSE,FALSE,FALSE,FALSE,FALSE,FALSE,2.275609433,-0.42343382,-0.455568803,-0.219811334,1.836240958,0.020060385
P_new_113,60,150lbs,165,10/13/2018,140,1,68.04,,27.55,10/13/2018,2018,2449,FALSE,TRUE,FALSE,FALSE,FALSE,TRUE,FALSE,FALSE,FALSE,FALSE,FALSE,TRUE,FALSE,FALSE,FALSE,-0.117406253,-0.899470431,-0.455568803,-0.219811334,-0.357645322,1.284540805
P_new_77,60,110,180,17/03/2019,140,0,110,1.8,33.95,,,1684,FALSE,TRUE,FALSE,FALSE,FALSE,FALSE,FALSE,TRUE,FALSE,FALSE,FALSE,FALSE,TRUE,FALSE,FALSE,-0.117406253,1.97042845,1.642166615,1.088648466,-0.357645322,0.020060385
P_new_112,45,110,160,19/03/2021,500,1,110,1.6,42.97,,,1684,FALSE,FALSE,TRUE,FALSE,TRUE,FALSE,FALSE,FALSE,TRUE,FALSE,FALSE,FALSE,FALSE,FALSE,FALSE,-0.373800791,1.97042845,-1.154813942,2.932758996,1.836240958,0.020060385
P011,45,75,160,1/10/2022,100,1,75,1.6,29.3,1/10/2022,2022,1264,FALSE,FALSE,TRUE,FALSE,FALSE,FALSE,TRUE,FALSE,FALSE,FALSE,FALSE,FALSE,FALSE,TRUE,FALSE,-0.373800791,-0.42343382,-1.154813942,0.137970643,-0.601410465,-0.67416416
P_new_30,25,90,160,12/11/2021,110,0,90,1.6,35.16,,,1684,FALSE,FALSE,TRUE,FALSE,FALSE,TRUE,FALSE,FALSE,FALSE,FALSE,TRUE,FALSE,FALSE,FALSE,FALSE,-0.715660174,0.602507153,-1.154813942,1.336029147,-0.540469179,0.020060385
P_new_80,34,90,165,6/11/2023,140,0,90,1.65,33.06,,,1684,FALSE,FALSE,TRUE,FALSE,TRUE,FALSE,FALSE,FALSE,TRUE,FALSE,FALSE,FALSE,FALSE,FALSE,FALSE,-0.561823452,0.602507153,-0.455568803,0.906690775,-0.357645322,0.020060385
P_new_114,25,150lbs,160,3/12/2021,140,1,68.04,1.6,26.58,3/12/2021,2021,1568,FALSE,FALSE,TRUE,FALSE,FALSE,TRUE,FALSE,FALSE,TRUE,FALSE,FALSE,FALSE,FALSE,FALSE,FALSE,-0.715660174,-0.899470431,-1.154813942,-0.418124772,-0.357645322,-0.171677823
P_new_134,25,70,165,26/07/2020,140,0,70,,27.55,,,1684,FALSE,FALSE,FALSE,TRUE,TRUE,FALSE,FALSE,FALSE,FALSE,TRUE,FALSE,FALSE,FALSE,FALSE,FALSE,-0.715660174,-0.765414144,-0.455568803,-0.219811334,-0.357645322,0.020060385
P001,30,75,175,15/06/2021,500,0,75,1.75,24.49,,,1684,TRUE,FALSE,FALSE,FALSE,TRUE,FALSE,FALSE,FALSE,FALSE,FALSE,TRUE,FALSE,FALSE,FALSE,FALSE,-0.630195328,-0.42343382,0.942921476,-0.845418675,1.836240958,0.020060385
P_new_166,60,110,180,4/27/2020,90,0,110,1.8,33.95,4/27/2020,2020,1887,TRUE,FALSE,FALSE,FALSE,TRUE,FALSE,FALSE,FALSE,FALSE,FALSE,FALSE,FALSE,TRUE,FALSE,FALSE,-0.117406253,1.97042845,1.642166615,1.088648466,-0.66235175,0.355602248
P_new_121,25,150lbs,165,7/2/2021,500,1,68.04,1.65,24.99,,,1684,FALSE,TRUE,FALSE,FALSE,FALSE,TRUE,FALSE,FALSE,TRUE,FALSE,FALSE,FALSE,FALSE,FALSE,FALSE,-0.715660174,-0.899470431,-0.455568803,-0.743195254,1.836240958,0.020060385
P_new_38,45,110,165,24/08/2017,500,1,110,1.65,40.4,,,1684,FALSE,FALSE,FALSE,TRUE,FALSE,TRUE,FALSE,FALSE,FALSE,FALSE,FALSE,FALSE,TRUE,FALSE,FALSE,-0.373800791,1.97042845,-0.455568803,2.407330608,1.836240958,0.020060385
P_new_91,45,110,175,25/02/2016,110,1,110,1.75,35.92,,,1684,FALSE,FALSE,FALSE,TRUE,TRUE,FALSE,FALSE,FALSE,FALSE,TRUE,FALSE,FALSE,FALSE,FALSE,FALSE,-0.373800791,1.97042845,0.942921476,1.491408748,-0.540469179,0.020060385
P_new_32,200,90,165,19/12/2021,110,1,90,,27.55,,,1684,TRUE,FALSE,FALSE,FALSE,FALSE,FALSE,FALSE,TRUE,FALSE,FALSE,FALSE,TRUE,FALSE,FALSE,FALSE,2.275609433,0.602507153,-0.455568803,-0.219811334,-0.540469179,0.020060385
P_new_12,45,90,160,18/07/2020,110,0,90,1.6,35.16,,,1684,FALSE,TRUE,FALSE,FALSE,FALSE,TRUE,FALSE,FALSE,TRUE,FALSE,FALSE,FALSE,FALSE,FALSE,FALSE,-0.373800791,0.602507153,-1.154813942,1.336029147,-0.540469179,0.020060385
P_new_131,34,90,175,4/11/2024,110,0,90,1.75,29.39,,,1684,FALSE,FALSE,TRUE,FALSE,TRUE,FALSE,FALSE,FALSE,TRUE,FALSE,FALSE,FALSE,FALSE,FALSE,FALSE,-0.561823452,0.602507153,0.942921476,0.156370859,-0.540469179,0.020060385
P029,60,,160,,90,0,75,1.6,27.55,,,1684,FALSE,FALSE,TRUE,FALSE,FALSE,FALSE,FALSE,TRUE,FALSE,FALSE,FALSE,FALSE,TRUE,FALSE,FALSE,-0.117406253,-0.42343382,-1.154813942,-0.219811334,-0.66235175,0.020060385
P_new_8,45,90,160,29/07/2019,110,1,90,1.6,35.16,,,1684,TRUE,FALSE,FALSE,FALSE,FALSE,TRUE,FALSE,FALSE,FALSE,FALSE,FALSE,FALSE,FALSE,TRUE,FALSE,-0.373800791,0.602507153,-1.154813942,1.336029147,-0.540469179,0.020060385
P_new_76,60,90,180,13/06/2025,140,1,90,1.8,27.78,,,1684,FALSE,FALSE,FALSE,TRUE,TRUE,FALSE,FALSE,FALSE,FALSE,FALSE,TRUE,FALSE,FALSE,FALSE,FALSE,-0.117406253,0.602507153,1.642166615,-0.17278856,-0.357645322,0.020060385
P_new_123,34,150lbs,165,3/12/2016,110,0,68.04,,27.55,,,1684,TRUE,FALSE,FALSE,FALSE,TRUE,FALSE,FALSE,FALSE,FALSE,TRUE,FALSE,FALSE,FALSE,FALSE,FALSE,-0.561823452,-0.899470431,-0.455568803,-0.219811334,-0.540469179,0.020060385
P_new_124,34,,180,12/11/2017,140,0,75,1.8,27.55,,,1684,FALSE,FALSE,TRUE,FALSE,FALSE,FALSE,FALSE,TRUE,FALSE,FALSE,FALSE,FALSE,FALSE,TRUE,FALSE,-0.561823452,-0.42343382,1.642166615,-0.219811334,-0.357645322,0.020060385
P026,60,,165,1/10/2022,85,1,75,1.65,27.55,1/10/2022,2022,1264,FALSE,FALSE,FALSE,TRUE,FALSE,TRUE,FALSE,FALSE,FALSE,TRUE,FALSE,FALSE,FALSE,FALSE,FALSE,-0.117406253,-0.42343382,-0.455568803,-0.219811334,-0.692822393,-0.67416416
P024,60,80,165,,110,0,80,,27.55,,,1684,TRUE,FALSE,FALSE,FALSE,FALSE,FALSE,FALSE,TRUE,FALSE,FALSE,FALSE,FALSE,TRUE,FALSE,FALSE,-0.117406253,-0.081453495,-0.455568803,-0.219811334,-0.540469179,0.020060385
P_new_152,45,90,165,8/11/2017,500,0,90,1.65,33.06,,,1684,FALSE,FALSE,TRUE,FALSE,FALSE,TRUE,FALSE,FALSE,FALSE,TRUE,FALSE,FALSE,FALSE,FALSE,FALSE,-0.373800791,0.602507153,-0.455568803,0.906690775,1.836240958,0.020060385
P_new_115,45,90,165,8/8/2018,500,1,90,,27.55,,,1684,FALSE,TRUE,FALSE,FALSE,TRUE,FALSE,FALSE,FALSE,FALSE,FALSE,FALSE,FALSE,TRUE,FALSE,FALSE,-0.373800791,0.602507153,-0.455568803,-0.219811334,1.836240958,0.020060385
P_new_49,45,,160,19/03/2019,500,0,75,1.6,27.55,,,1684,FALSE,TRUE,FALSE,FALSE,TRUE,FALSE,FALSE,FALSE,FALSE,FALSE,FALSE,FALSE,TRUE,FALSE,FALSE,-0.373800791,-0.42343382,-1.154813942,-0.219811334,1.836240958,0.020060385
P_new_7,45,,175,1/2/2023,110,1,75,1.75,27.55,,,1684,FALSE,FALSE,FALSE,TRUE,TRUE,FALSE,FALSE,FALSE,FALSE,FALSE,FALSE,FALSE,FALSE,TRUE,FALSE,-0.373800791,-0.42343382,0.942921476,-0.219811334,-0.540469179,0.020060385
P_new_136,25,150lbs,165,30/05/2025,500,1,68.04,1.65,24.99,,,1684,FALSE,TRUE,FALSE,FALSE,TRUE,FALSE,FALSE,FALSE,FALSE,FALSE,FALSE,FALSE,FALSE,TRUE,FALSE,-0.715660174,-0.899470431,-0.455568803,-0.743195254,1.836240958,0.020060385
P_new_15,45,150lbs,165,7/8/2019,110,1,68.04,,27.55,,,1684,FALSE,FALSE,FALSE,TRUE,TRUE,FALSE,FALSE,FALSE,FALSE,FALSE,FALSE,FALSE,FALSE,TRUE,FALSE,-0.373800791,-0.899470431,-0.455568803,-0.219811334,-0.540469179,0.020060385
P_new_62,60,90,160,12/1/2024,110,0,90,1.6,35.16,,,1684,TRUE,FALSE,FALSE,FALSE,TRUE,FALSE,FALSE,FALSE,FALSE,TRUE,FALSE,FALSE,FALSE,FALSE,FALSE,-0.117406253,0.602507153,-1.154813942,1.336029147,-0.540469179,0.020060385
P_new_122,34,150lbs,180,10/3/2018,500,1,68.04,1.8,21,10/3/2018,2018,2459,TRUE,FALSE,FALSE,FALSE,FALSE,TRUE,FALSE,FALSE,FALSE,FALSE,FALSE,TRUE,FALSE,FALSE,FALSE,-0.561823452,-0.899470431,1.642166615,-1.55893816,1.836240958,1.301069961
P_new_11,25,90,165,5/20/2025,110,1,90,1.65,33.06,5/20/2025,2025,38,FALSE,TRUE,FALSE,FALSE,TRUE,FALSE,FALSE,FALSE,FALSE,TRUE,FALSE,FALSE,FALSE,FALSE,FALSE,-0.715660174,0.602507153,-0.455568803,0.906690775,-0.540469179,-2.700638664
P_new_106,45,150lbs,160,8/1/2020,110,1,68.04,1.6,26.58,,,1684,FALSE,FALSE,FALSE,TRUE,TRUE,FALSE,FALSE,FALSE,FALSE,FALSE,TRUE,FALSE,FALSE,FALSE,FALSE,-0.373800791,-0.899470431,-1.154813942,-0.418124772,-0.540469179,0.020060385
P004,25,150lbs,175,15/06/2021,110,1,68.04,1.75,22.22,,,1684,TRUE,FALSE,FALSE,FALSE,FALSE,TRUE,FALSE,FALSE,FALSE,TRUE,FALSE,FALSE,FALSE,FALSE,FALSE,-0.715660174,-0.899470431,0.942921476,-1.309513011,-0.540469179,0.020060385
P_new_73,34,90,165,24/08/2017,110,1,90,,27.55,,,1684,FALSE,FALSE,TRUE,FALSE,FALSE,FALSE,FALSE,TRUE,FALSE,TRUE,FALSE,FALSE,FALSE,FALSE,FALSE,-0.561823452,0.602507153,-0.455568803,-0.219811334,-0.540469179,0.020060385
P_new_21,200,,165,11/16/2020,500,1,75,,27.55,11/16/2020,2020,1684,FALSE,FALSE,TRUE,FALSE,TRUE,FALSE,FALSE,FALSE,FALSE,TRUE,FALSE,FALSE,FALSE,FALSE,FALSE,2.275609433,-0.42343382,-0.455568803,-0.219811334,1.836240958,0.020060385
P_new_101,60,150lbs,165,29/08/2023,90,1,68.04,,27.55,,,1684,FALSE,TRUE,FALSE,FALSE,TRUE,FALSE,FALSE,FALSE,FALSE,FALSE,FALSE,TRUE,FALSE,FALSE,FALSE,-0.117406253,-0.899470431,-0.455568803,-0.219811334,-0.66235175,0.020060385
P_new_148,25,70,180,12/12/2024,500,0,70,1.8,21.6,12/12/2024,2024,197,FALSE,TRUE,FALSE,FALSE,FALSE,TRUE,FALSE,FALSE,FALSE,FALSE,FALSE,FALSE,FALSE,TRUE,FALSE,-0.715660174,-0.765414144,1.642166615,-1.436270054,1.836240958,-2.437825087
P_new_146,34,150lbs,165,2/8/2018,140,0,68.04,,27.55,,,1684,FALSE,FALSE,TRUE,FALSE,FALSE,TRUE,FALSE,FALSE,FALSE,FALSE,TRUE,FALSE,FALSE,FALSE,FALSE,-0.561823452,-0.899470431,-0.455568803,-0.219811334,-0.357645322,0.020060385
P_new_153,200,90,175,5/28/2018,500,0,90,1.75,29.39,5/28/2018,2018,2587,FALSE,FALSE,TRUE,FALSE,TRUE,FALSE,FALSE,FALSE,FALSE,FALSE,FALSE,FALSE,TRUE,FALSE,FALSE,2.275609433,0.602507153,0.942921476,0.156370859,1.836240958,1.512643156
P_new_17,34,110,160,7/23/2016,500,1,110,1.6,42.97,7/23/2016,2016,3261,FALSE,FALSE,TRUE,FALSE,FALSE,FALSE,FALSE,TRUE,FALSE,FALSE,FALSE,FALSE,TRUE,FALSE,FALSE,-0.561823452,1.97042845,-1.154813942,2.932758996,1.836240958,2.626708258
P_new_48,25,,165,4/5/2016,110,0,75,1.65,27.55,4/5/2016,2016,3370,FALSE,FALSE,TRUE,FALSE,FALSE,TRUE,FALSE,FALSE,TRUE,FALSE,FALSE,FALSE,FALSE,FALSE,FALSE,-0.715660174,-0.42343382,-0.455568803,-0.219811334,-0.540469179,2.806876057
P_new_2,45,70,180,2/1/2023,500,0,70,1.8,21.6,,,1684,FALSE,FALSE,FALSE,TRUE,FALSE,TRUE,FALSE,FALSE,FALSE,FALSE,FALSE,FALSE,TRUE,FALSE,FALSE,-0.373800791,-0.765414144,1.642166615,-1.436270054,1.836240958,0.020060385
P008,60,,170,15/06/2021,100,0,75,1.7,27.55,,,1684,FALSE,FALSE,TRUE,FALSE,FALSE,TRUE,FALSE,FALSE,TRUE,FALSE,FALSE,FALSE,FALSE,FALSE,FALSE,-0.117406253,-0.42343382,0.243676336,-0.219811334,-0.601410465,0.020060385
P_new_78,45,70,165,7/2/2019,500,1,70,,27.55,7/2/2019,2019,2187,FALSE,FALSE,TRUE,FALSE,TRUE,FALSE,FALSE,FALSE,FALSE,TRUE,FALSE,FALSE,FALSE,FALSE,FALSE,-0.373800791,-0.765414144,-0.455568803,-0.219811334,1.836240958,0.851476923
P_new_59,200,70,165,6/21/2023,110,1,70,,27.55,6/21/2023,2023,737,FALSE,FALSE,TRUE,FALSE,TRUE,FALSE,FALSE,FALSE,FALSE,FALSE,FALSE,FALSE,TRUE,FALSE,FALSE,2.275609433,-0.765414144,-0.455568803,-0.219811334,-0.540469179,-1.545250672
P_new_51,34,110,165,3/12/2015,140,1,110,1.65,40.4,,,1684,FALSE,FALSE,TRUE,FALSE,TRUE,FALSE,FALSE,FALSE,FALSE,FALSE,FALSE,TRUE,FALSE,FALSE,FALSE,-0.561823452,1.97042845,-0.455568803,2.407330608,-0.357645322,0.020060385
P_new_144,25,110,160,12/27/2017,500,1,110,1.6,42.97,12/27/2017,2017,2739,FALSE,FALSE,TRUE,FALSE,FALSE,TRUE,FALSE,FALSE,FALSE,FALSE,FALSE,TRUE,FALSE,FALSE,FALSE,-0.715660174,1.97042845,-1.154813942,2.932758996,1.836240958,1.763886324
P_new_149,25,70,165,9/25/2018,110,0,70,,27.55,9/25/2018,2018,2467,FALSE,TRUE,FALSE,FALSE,TRUE,FALSE,FALSE,FALSE,FALSE,FALSE,FALSE,FALSE,FALSE,TRUE,FALSE,-0.715660174,-0.765414144,-0.455568803,-0.219811334,-0.540469179,1.314293286
P_new_57,34,90,180,4/26/2021,500,1,90,1.8,27.78,4/26/2021,2021,1523,FALSE,FALSE,FALSE,TRUE,TRUE,FALSE,FALSE,FALSE,FALSE,FALSE,TRUE,FALSE,FALSE,FALSE,FALSE,-0.561823452,0.602507153,1.642166615,-0.17278856,1.836240958,-0.246059024
P009,60,80,165,,110,0,80,1.65,29.38,,,1684,TRUE,FALSE,FALSE,FALSE,FALSE,FALSE,TRUE,FALSE,FALSE,FALSE,FALSE,FALSE,FALSE,FALSE,TRUE,-0.117406253,-0.081453495,-0.455568803,0.15432639,-0.540469179,0.020060385
P014,200,150lbs,170,1/10/2022,90,1,68.04,1.7,23.54,1/10/2022,2022,1264,FALSE,TRUE,FALSE,FALSE,FALSE,FALSE,TRUE,FALSE,FALSE,FALSE,FALSE,FALSE,FALSE,FALSE,TRUE,2.275609433,-0.899470431,0.243676336,-1.039643177,-0.66235175,-0.67416416
P_new_27,200,,160,1/2/2016,90,1,75,1.6,27.55,,,1684,FALSE,FALSE,TRUE,FALSE,TRUE,FALSE,FALSE,FALSE,FALSE,FALSE,FALSE,FALSE,FALSE,TRUE,FALSE,2.275609433,-0.42343382,-1.154813942,-0.219811334,-0.66235175,0.020060385
P_new_139,25,,165,2/15/2024,110,0,75,1.65,27.55,2/15/2024,2024,498,FALSE,FALSE,FALSE,TRUE,TRUE,FALSE,FALSE,FALSE,TRUE,FALSE,FALSE,FALSE,FALSE,FALSE,FALSE,-0.715660174,-0.42343382,-0.455568803,-0.219811334,-0.540469179,-1.940297496
P_new_99,25,110,175,19/05/2016,500,0,110,1.75,35.92,,,1684,FALSE,TRUE,FALSE,FALSE,FALSE,TRUE,FALSE,FALSE,TRUE,FALSE,FALSE,FALSE,FALSE,FALSE,FALSE,-0.715660174,1.97042845,0.942921476,1.491408748,1.836240958,0.020060385
P018,200,75,160,15/06/2021,90,0,75,1.6,29.3,,,1684,FALSE,FALSE,TRUE,FALSE,FALSE,FALSE,TRUE,FALSE,FALSE,FALSE,FALSE,FALSE,FALSE,FALSE,TRUE,2.275609433,-0.42343382,-1.154813942,0.137970643,-0.66235175,0.020060385
P_new_40,25,150lbs,175,1/5/2019,500,1,68.04,1.75,22.22,1/5/2019,2019,2365,FALSE,TRUE,FALSE,FALSE,FALSE,TRUE,FALSE,FALSE,FALSE,FALSE,TRUE,FALSE,FALSE,FALSE,FALSE,-0.715660174,-0.899470431,0.942921476,-1.309513011,1.836240958,1.145695896
P_new_143,60,90,160,6/1/2018,90,0,90,1.6,35.16,6/1/2018,2018,2583,FALSE,FALSE,TRUE,FALSE,FALSE,FALSE,FALSE,TRUE,FALSE,FALSE,FALSE,TRUE,FALSE,FALSE,FALSE,-0.117406253,0.602507153,-1.154813942,1.336029147,-0.66235175,1.506031493
P_new_102,200,150lbs,160,6/13/2023,90,1,68.04,1.6,26.58,6/13/2023,2023,745,FALSE,FALSE,TRUE,FALSE,TRUE,FALSE,FALSE,FALSE,TRUE,FALSE,FALSE,FALSE,FALSE,FALSE,FALSE,2.275609433,-0.899470431,-1.154813942,-0.418124772,-0.66235175,-1.532027347
P_new_135,45,90,165,11/25/2016,90,1,90,,27.55,11/25/2016,2016,3136,FALSE,FALSE,FALSE,TRUE,FALSE,TRUE,FALSE,FALSE,FALSE,TRUE,FALSE,FALSE,FALSE,FALSE,FALSE,-0.373800791,0.602507153,-0.455568803,-0.219811334,-0.66235175,2.42009381
P_new_151,45,70,165,13/10/2015,110,1,70,,27.55,,,1684,FALSE,FALSE,TRUE,FALSE,FALSE,TRUE,FALSE,FALSE,FALSE,FALSE,FALSE,FALSE,FALSE,TRUE,FALSE,-0.373800791,-0.765414144,-0.455568803,-0.219811334,-0.540469179,0.020060385
P_new_31,45,150lbs,165,31/12/2020,90,0,68.04,,27.55,,,1684,TRUE,FALSE,FALSE,FALSE,FALSE,TRUE,FALSE,FALSE,FALSE,FALSE,FALSE,TRUE,FALSE,FALSE,FALSE,-0.373800791,-0.899470431,-0.455568803,-0.219811334,-0.66235175,0.020060385
P_new_22,200,70,160,14/03/2016,500,1,70,1.6,27.34,,,1684,FALSE,FALSE,TRUE,FALSE,FALSE,TRUE,FALSE,FALSE,FALSE,FALSE,FALSE,TRUE,FALSE,FALSE,FALSE,2.275609433,-0.765414144,-1.154813942,-0.262745171,1.836240958,0.020060385
P_new_75,60,70,165,28/09/2023,140,1,70,1.65,25.71,,,1684,FALSE,FALSE,TRUE,FALSE,FALSE,FALSE,FALSE,TRUE,FALSE,TRUE,FALSE,FALSE,FALSE,FALSE,FALSE,-0.117406253,-0.765414144,-0.455568803,-0.595993526,-0.357645322,0.020060385
P_new_18,25,110,160,9/6/2024,140,0,110,1.6,42.97,,,1684,TRUE,FALSE,FALSE,FALSE,FALSE,FALSE,FALSE,TRUE,FALSE,FALSE,FALSE,TRUE,FALSE,FALSE,FALSE,-0.715660174,1.97042845,-1.154813942,2.932758996,-0.357645322,0.020060385
P_new_164,45,110,175,5/10/2018,110,0,110,1.75,35.92,,,1684,FALSE,TRUE,FALSE,FALSE,FALSE,TRUE,FALSE,FALSE,FALSE,FALSE,FALSE,FALSE,TRUE,FALSE,FALSE,-0.373800791,1.97042845,0.942921476,1.491408748,-0.540469179,0.020060385
P_new_26,45,110,160,10/28/2015,110,0,110,1.6,42.97,10/28/2015,2015,3530,TRUE,FALSE,FALSE,FALSE,FALSE,TRUE,FALSE,FALSE,TRUE,FALSE,FALSE,FALSE,FALSE,FALSE,FALSE,-0.373800791,1.97042845,-1.154813942,2.932758996,-0.540469179,3.07134255
P_new_16,34,110,175,2/4/2020,90,1,110,1.75,35.92,2/4/2020,2020,1970,TRUE,FALSE,FALSE,FALSE,FALSE,TRUE,FALSE,FALSE,FALSE,FALSE,FALSE,TRUE,FALSE,FALSE,FALSE,-0.561823452,1.97042845,0.942921476,1.491408748,-0.66235175,0.492794241
P_new_56,34,,160,9/16/2024,110,0,75,1.6,27.55,9/16/2024,2024,284,FALSE,FALSE,TRUE,FALSE,TRUE,FALSE,FALSE,FALSE,FALSE,FALSE,FALSE,TRUE,FALSE,FALSE,FALSE,-0.561823452,-0.42343382,-1.154813942,-0.219811334,-0.540469179,-2.294021431
P022,25,160lbs,170,,100,0,72.57,1.7,25.11,,,1684,FALSE,TRUE,FALSE,FALSE,TRUE,FALSE,FALSE,FALSE,FALSE,FALSE,FALSE,FALSE,FALSE,TRUE,FALSE,-0.715660174,-0.589636257,0.243676336,-0.718661632,-0.601410465,0.020060385
P_new_25,45,150lbs,175,11/26/2017,110,0,68.04,1.75,22.22,11/26/2017,2017,2770,TRUE,FALSE,FALSE,FALSE,FALSE,TRUE,FALSE,FALSE,FALSE,FALSE,FALSE,FALSE,TRUE,FALSE,FALSE,-0.373800791,-0.899470431,0.942921476,-1.309513011,-0.540469179,1.815126707
P_new_128,34,90,180,26/09/2021,140,1,90,1.8,27.78,,,1684,FALSE,FALSE,FALSE,TRUE,FALSE,FALSE,FALSE,TRUE,FALSE,FALSE,TRUE,FALSE,FALSE,FALSE,FALSE,-0.561823452,0.602507153,1.642166615,-0.17278856,-0.357645322,0.020060385
P_new_160,60,70,165,7/1/2021,110,0,70,1.65,25.71,,,1684,FALSE,FALSE,TRUE,FALSE,TRUE,FALSE,FALSE,FALSE,TRUE,FALSE,FALSE,FALSE,FALSE,FALSE,FALSE,-0.117406253,-0.765414144,-0.455568803,-0.595993526,-0.540469179,0.020060385
P_new_97,25,110,165,14/12/2018,140,0,110,,27.55,,,1684,FALSE,FALSE,FALSE,TRUE,FALSE,TRUE,FALSE,FALSE,FALSE,FALSE,FALSE,TRUE,FALSE,FALSE,FALSE,-0.715660174,1.97042845,-0.455568803,-0.219811334,-0.357645322,0.020060385
P_new_5,60,,165,5/22/2021,110,1,75,1.65,27.55,5/22/2021,2021,1497,FALSE,FALSE,TRUE,FALSE,TRUE,FALSE,FALSE,FALSE,FALSE,TRUE,FALSE,FALSE,FALSE,FALSE,FALSE,-0.117406253,-0.42343382,-0.455568803,-0.219811334,-0.540469179,-0.289034829
P_new_125,60,,165,28/07/2018,110,1,75,1.65,27.55,,,1684,FALSE,FALSE,TRUE,FALSE,TRUE,FALSE,FALSE,FALSE,TRUE,FALSE,FALSE,FALSE,FALSE,FALSE,FALSE,-0.117406253,-0.42343382,-0.455568803,-0.219811334,-0.540469179,0.020060385
P_new_161,200,,165,8/3/2016,110,1,75,1.65,27.55,,,1684,TRUE,FALSE,FALSE,FALSE,FALSE,FALSE,FALSE,TRUE,TRUE,FALSE,FALSE,FALSE,FALSE,FALSE,FALSE,2.275609433,-0.42343382,-0.455568803,-0.219811334,-0.540469179,0.020060385
P002,35,,170,15/06/2021,110,1,75,1.7,27.55,,,1684,TRUE,FALSE,FALSE,FALSE,FALSE,FALSE,TRUE,FALSE,TRUE,FALSE,FALSE,FALSE,FALSE,FALSE,FALSE,-0.544730483,-0.42343382,0.243676336,-0.219811334,-0.540469179,0.020060385
P_new_20,200,90,165,6/10/2022,110,0,90,,27.55,6/10/2022,2022,1113,FALSE,FALSE,TRUE,FALSE,TRUE,FALSE,FALSE,FALSE,FALSE,TRUE,FALSE,FALSE,FALSE,FALSE,FALSE,2.275609433,0.602507153,-0.455568803,-0.219811334,-0.540469179,-0.923754413
P_new_117,60,,175,2/10/2022,90,0,75,1.75,27.55,,,1684,TRUE,FALSE,FALSE,FALSE,FALSE,TRUE,FALSE,FALSE,FALSE,TRUE,FALSE,FALSE,FALSE,FALSE,FALSE,-0.117406253,-0.42343382,0.942921476,-0.219811334,-0.66235175,0.020060385
P_new_98,60,150lbs,175,10/19/2019,500,0,68.04,1.75,22.22,10/19/2019,2019,2078,FALSE,FALSE,FALSE,TRUE,TRUE,FALSE,FALSE,FALSE,FALSE,TRUE,FALSE,FALSE,FALSE,FALSE,FALSE,-0.117406253,-0.899470431,0.942921476,-1.309513011,1.836240958,0.671309124
P_new_119,60,150lbs,180,1/11/2024,110,0,68.04,1.8,21,,,1684,FALSE,FALSE,TRUE,FALSE,TRUE,FALSE,FALSE,FALSE,FALSE,FALSE,FALSE,TRUE,FALSE,FALSE,FALSE,-0.117406253,-0.899470431,1.642166615,-1.55893816,-0.540469179,0.020060385
P_new_71,45,90,160,22/02/2016,500,0,90,1.6,35.16,,,1684,TRUE,FALSE,FALSE,FALSE,FALSE,TRUE,FALSE,FALSE,FALSE,FALSE,FALSE,TRUE,FALSE,FALSE,FALSE,-0.373800791,0.602507153,-1.154813942,1.336029147,1.836240958,0.020060385
P_new_67,34,90,180,13/05/2018,500,0,90,1.8,27.78,,,1684,FALSE,TRUE,FALSE,FALSE,FALSE,TRUE,FALSE,FALSE,FALSE,FALSE,TRUE,FALSE,FALSE,FALSE,FALSE,-0.561823452,0.602507153,1.642166615,-0.17278856,1.836240958,0.020060385
P_new_84,200,150lbs,180,25/08/2017,110,1,68.04,1.8,21,,,1684,TRUE,FALSE,FALSE,FALSE,TRUE,FALSE,FALSE,FALSE,FALSE,FALSE,FALSE,FALSE,TRUE,FALSE,FALSE,2.275609433,-0.899470431,1.642166615,-1.55893816,-0.540469179,0.020060385
P_new_55,200,,160,11/10/2023,500,0,75,1.6,27.55,11/10/2023,2023,595,TRUE,FALSE,FALSE,FALSE,FALSE,FALSE,FALSE,TRUE,FALSE,TRUE,FALSE,FALSE,FALSE,FALSE,FALSE,2.275609433,-0.42343382,-1.154813942,-0.219811334,1.836240958,-1.779964685
P_new_42,34,110,175,11/24/2021,500,0,110,1.75,35.92,11/24/2021,2021,1311,TRUE,FALSE,FALSE,FALSE,FALSE,TRUE,FALSE,FALSE,FALSE,FALSE,FALSE,TRUE,FALSE,FALSE,FALSE,-0.561823452,1.97042845,0.942921476,1.491408748,1.836240958,-0.596477128
P_new_89,25,70,165,1/7/2022,110,0,70,1.65,25.71,1/7/2022,2022,1267,TRUE,FALSE,FALSE,FALSE,FALSE,TRUE,FALSE,FALSE,FALSE,FALSE,TRUE,FALSE,FALSE,FALSE,FALSE,-0.715660174,-0.765414144,-0.455568803,-0.595993526,-0.540469179,-0.669205413
P_new_167,45,,180,10/5/2020,110,0,75,1.8,27.55,,,1684,TRUE,FALSE,FALSE,FALSE,FALSE,FALSE,FALSE,TRUE,FALSE,FALSE,FALSE,TRUE,FALSE,FALSE,FALSE,-0.373800791,-0.42343382,1.642166615,-0.219811334,-0.540469179,0.020060385
P021,200,70,160,5/20/2020,90,1,70,1.6,27.34,5/20/2020,2020,1864,TRUE,FALSE,FALSE,FALSE,FALSE,TRUE,FALSE,FALSE,FALSE,FALSE,FALSE,FALSE,TRUE,FALSE,FALSE,2.275609433,-0.765414144,-1.154813942,-0.262745171,-0.66235175,0.317585189
P_new_156,45,90,180,5/1/2022,110,1,90,1.8,27.78,5/1/2022,2022,1153,FALSE,TRUE,FALSE,FALSE,FALSE,FALSE,FALSE,TRUE,FALSE,TRUE,FALSE,FALSE,FALSE,FALSE,FALSE,-0.373800791,0.602507153,1.642166615,-0.17278856,-0.540469179,-0.85763779
P_new_39,60,,165,3/1/2017,140,1,75,,27.55,,,1684,FALSE,FALSE,TRUE,FALSE,FALSE,FALSE,FALSE,TRUE,FALSE,FALSE,FALSE,FALSE,FALSE,TRUE,FALSE,-0.117406253,-0.42343382,-0.455568803,-0.219811334,-0.357645322,0.020060385
P_new_74,34,110,165,5/3/2022,90,1,110,1.65,40.4,,,1684,FALSE,FALSE,FALSE,TRUE,FALSE,TRUE,FALSE,FALSE,FALSE,TRUE,FALSE,FALSE,FALSE,FALSE,FALSE,-0.561823452,1.97042845,-0.455568803,2.407330608,-0.66235175,0.020060385
P015,50,,175,1/10/2022,90,1,75,1.75,27.55,1/10/2022,2022,1264,FALSE,FALSE,TRUE,FALSE,FALSE,TRUE,FALSE,FALSE,FALSE,FALSE,FALSE,FALSE,FALSE,TRUE,FALSE,-0.288335945,-0.42343382,0.942921476,-0.219811334,-0.66235175,-0.67416416
P_new_60,200,,165,11/8/2022,110,1,75,,27.55,,,1684,FALSE,FALSE,TRUE,FALSE,FALSE,TRUE,FALSE,FALSE,FALSE,TRUE,FALSE,FALSE,FALSE,FALSE,FALSE,2.275609433,-0.42343382,-0.455568803,-0.219811334,-0.540469179,0.020060385
P_new_147,45,150lbs,165,3/11/2023,110,0,68.04,1.65,24.99,3/11/2023,2023,839,TRUE,FALSE,FALSE,FALSE,TRUE,FALSE,FALSE,FALSE,TRUE,FALSE,FALSE,FALSE,FALSE,FALSE,FALSE,-0.373800791,-0.899470431,-0.455568803,-0.743195254,-0.540469179,-1.376653283
P_new_70,200,70,180,17/01/2023,140,1,70,1.8,21.6,,,1684,TRUE,FALSE,FALSE,FALSE,FALSE,TRUE,FALSE,FALSE,FALSE,FALSE,FALSE,TRUE,FALSE,FALSE,FALSE,2.275609433,-0.765414144,1.642166615,-1.436270054,-0.357645322,0.020060385
