Patient_ID,Age,Gender,Ethnicity,Weight,Height_cm,Diagnosis_Date,Diagnosis_Code,Glucose_mg_dL,Risk,Patient_Name,EmailID
P_new_63,,,asian,,175,10/21/2021,,140,0,David Jones,kurt31@example.org
P016,50,M,,,165,5/20/2020,DEP,100,0,Cristina White,parkerjennifer@example.org
P006,25,F,Caucasian,,,15/06/2021,OCD,110,0,Laura Bates,sean22@example.net
P_new_126,34,M,asian,70,160,10/19/2016,ocd,,1,Rebecca Smith,johnmcclure@example.net
P_new_96,25,,Asian,70,180,2/9/2016,ANXITY,140,0,Brittany Wise,nholloway@example.net
P_new_83,25,Male,African,110,180,5/13/2024,DEP,110,0,James Curtis,clarkyvette@example.net
P_new_37,45,M,African,,175,12/31/2017,,90,1,Jennifer Johnson,hammondcatherine@example.org
P_new_138,60,M,,,175,12/15/2022,ocd,,0,Steven Miller,thomaskeith@example.com
P_new_142,,F,Asian,150lbs,,3/4/2024,,140,0,Amy Lloyd,jryan@example.net
P_new_13,45,F,Hispanic,150lbs,,10/10/2022,DEP,90,0,Gene Brooks,fryjamie@example.net
P_new_34,25,,asian,70,160,3/10/2021,ANX,,0,Benjamin Williams,bonniewalker@example.com
P_new_150,200,Male,Asian,70,,10/11/2024,ocd,500,0,Dale Cain,miagonzalez@example.com
P_new_133,34,Male,Hispanic,90,175,2/2/2018,OCD,,0,John Morrison,alexandriasmith@example.com
P_new_46,60,Female,Asian,,180,8/21/2018,OCD,140,0,Mrs. Kelsey Smith,mary27@example.org
P_new_154,,M,African,70,180,4/21/2020,OCD,,0,Kayla Hammond,donnariley@example.net
P_new_145,,F,,,160,10/1/2018,ANXITY,500,1,Robert Jones DVM,jermaine73@example.net
P_new_24,60,M,Asian,110,165,21/03/2020,DEP,90,1,Natasha Salas,mathewmartinez@example.net
P_new_120,34,,asian,70,160,1/24/2019,DEP,,0,Leroy Reed,nstuart@example.com
P_new_50,34,Male,Asian,70,165,23/04/2024,,90,0,Billy Pearson,danielmalone@example.com
P_new_36,34,,African,,175,5/5/2017,ocd,110,1,Maria Norris,felicia81@example.org
P_new_92,25,Male,,110,160,18/05/2019,ocd,90,1,Steven Richards,mariaferguson@example.net
P017,200,F,caucasian,75,,,DEP,90,0,Jeffrey Davidson,frankcollier@example.com
P_new_116,200,Male,Hispanic,110,180,16/06/2021,ANXITY,140,1,John Peterson,daniel69@example.net
P_new_61,,Male,Asian,150lbs,,3/6/2022,,110,0,Natalie Chambers,rhonda80@example.com
P_new_33,200,M,Hispanic,,165,29/09/2019,,140,0,William Welch,mjones@example.com
P_new_28,200,Male,African,70,165,7/6/2024,ANX,90,0,Joseph Hubbard,hrivera@example.net
P_new_52,25,M,,70,180,13/03/2025,DEP,90,0,Dr. George Curtis,cwhite@example.net
P_new_35,34,Female,Asian,150lbs,180,3/1/2024,OCD,500,0,Brittany Dixon,olopez@example.com
P_new_93,25,F,Hispanic,90,165,10/23/2019,ANXITY,90,1,Kristine Gray,qtorres@example.org
P_new_100,34,M,Caucasian,90,175,9/6/2021,ANX,,0,Derek Lee,jasonpeterson@example.net
P010,,Female,,160lbs,175,1/10/2022,DEP,500,1,Kellie Johnson,johnsontammy@example.com
P019,45,,asian,,160,,,100,0,Tina Schultz,markwilliams@example.net
P_new_23,60,,Asian,,165,2/3/2020,ANX,,1,Steven Moyer,sarahwelch@example.com
P_new_43,34,,,150lbs,160,27/12/2017,ocd,500,1,Michael Graves,ycarlson@example.org
P_new_118,34,Male,Asian,150lbs,165,1/20/2023,ocd,110,0,Rebecca Chaney,abigail99@example.org
P_new_72,60,M,asian,150lbs,160,10/11/2023,OCD,90,1,James Gordon,odiaz@example.org
P_new_103,60,Female,Hispanic,,160,10/5/2023,ANX,110,0,Victor Perez,rsawyer@example.com
P_new_105,60,F,Asian,150lbs,180,10/11/2019,OCD,110,1,Joshua Sanders,hbrewer@example.com
P_new_132,200,Female,African,150lbs,160,1/19/2023,OCD,,0,Brenda Davis,lindajohnson@example.net
P_new_44,45,M,,90,175,8/1/2024,ANX,,0,Ann Anderson,owatkins@example.org
P_new_47,25,Male,asian,110,,1/20/2020,ANX,140,1,Megan Williams,doliver@example.net
P_new_165,60,Female,,70,180,24/04/2024,ocd,110,1,Dr. Angela Walsh,xgordon@example.com
P_new_6,25,,Asian,70,175,20/08/2025,DEP,,1,Tyrone Griffin,evan95@example.org
P025,35,Other,African,80,,5/20/2020,ANXITY,500,0,Julia Cox,mparrish@example.net
P_new_90,,F,Hispanic,70,160,11/19/2017,OCD,140,1,Brianna Green,smithadam@example.net
P_new_163,25,Male,asian,150lbs,165,12/31/2020,ocd,110,1,Stephanie Sanford,cmoore@example.com
P030,30,Male,African,,165,,OCD,,0,Brian Oconnor,phillipdyer@example.com
P020,30,F,,80,160,,DEP,500,1,Brandy Rodriguez,itaylor@example.org
P_new_111,45,Male,asian,110,,12/10/2016,OCD,500,1,Samantha Freeman,justinhampton@example.com
P_new_54,34,Male,,70,175,5/20/2018,OCD,,0,Randall Wiley,aflores@example.org
P_new_82,45,M,Hispanic,110,175,4/14/2019,ocd,,0,Mary Simpson,fosterandrew@example.com
P_new_141,45,F,asian,,,26/09/2023,ANX,,1,Jose Jackson,peter87@example.com
P006,25,F,Caucasian,,,15/06/2021,OCD,110,0,Kathryn Hernandez,justinmatthews@example.org
P_new_94,200,,Hispanic,110,175,6/27/2025,,,0,Dale Horton,pharrington@example.net
P_new_85,60,F,Asian,70,160,6/4/2024,DEP,90,1,Leslie Zamora,vicki04@example.org
P_new_41,60,Male,Caucasian,90,175,7/1/2017,ocd,140,0,Chelsea Hoffman,danareid@example.net
P_new_108,45,,African,90,,14/02/2021,ocd,140,1,Douglas Hernandez,wrightsarah@example.com
P_new_66,200,Male,Asian,,175,30/06/2016,DEP,500,0,Pedro Berg,potterstanley@example.net
P_new_140,,,African,90,175,15/10/2024,OCD,500,1,Stephanie Robinson,williamsdonald@example.com
P_new_64,200,Female,asian,110,175,30/11/2017,DEP,90,0,Donna Rodriguez,seth60@example.org
P_new_137,60,Female,Caucasian,70,160,3/1/2017,OCD,110,1,Dawn Krause,hfernandez@example.com
P_new_65,200,M,Hispanic,,180,6/22/2019,OCD,90,1,Michael Allen,andrew63@example.net
P007,50,Female,caucasian,160lbs,165,15/06/2021,,85,0,Ernest Garcia,heathersnyder@example.org
P013,50,F,,75,165,5/20/2020,DEP,100,1,Jacob Green,natasha79@example.net
P_new_3,,F,African,70,165,5/10/2025,ANX,90,0,Cynthia Hernandez,shanebaldwin@example.com
P_new_87,45,M,asian,150lbs,180,12/18/2019,,110,1,Jorge Barajas,matthew56@example.net
P_new_10,,,,90,165,1/19/2025,ANXITY,,1,Tina Jones,lunarobert@example.net
P_new_157,60,F,Hispanic,110,,28/06/2021,DEP,140,1,Madison Keller,marcuscrane@example.com
P_new_58,25,,asian,110,,30/01/2017,OCD,500,0,Patrick Martinez,martinbrett@example.org
P_new_104,45,Female,asian,150lbs,180,3/31/2018,ocd,,1,Michael Munoz,denise34@example.org
P_new_19,34,Female,Asian,70,180,18/04/2018,OCD,500,1,Robert Donovan,pcole@example.net
P_new_95,60,M,asian,70,,11/24/2016,ANXITY,110,0,Tammy Juarez,james72@example.net
P_new_130,60,Female,African,110,165,1/28/2019,ocd,110,1,Sean Scott,alexanderbridges@example.net
P_new_9,34,,Asian,110,175,11/7/2022,ocd,,0,Maria Gregory,sowens@example.org
P_new_86,34,M,Hispanic,,165,26/08/2022,OCD,500,1,Kenneth Harrison,davisjoseph@example.org
P_new_81,60,Male,Asian,150lbs,160,5/8/2025,ANX,90,0,John Davenport,stacey61@example.net
P027,60,M,caucasian,160lbs,175,5/20/2020,ANXITY,100,1,Jessica Johnson,peggy06@example.net
P_new_107,25,Male,Asian,90,180,8/6/2022,OCD,,0,Mark Tyler,anthonyrogers@example.net
P_new_68,,,asian,150lbs,160,27/03/2025,ANXITY,90,0,Tracy Barr,wallacedustin@example.org
P_new_79,25,,,110,175,23/10/2019,ocd,500,0,Eric Hernandez,marygill@example.org
P003,200,M,caucasian,,160,,,100,0,Judy Yoder,dianecollins@example.org
P_new_45,45,F,African,70,160,12/12/2019,ocd,500,0,Kristen Murphy,carrollmichael@example.net
P_new_14,200,M,Asian,110,175,26/09/2023,ANX,500,0,Elizabeth Stewart,howellanne@example.com
P_new_155,45,,Hispanic,90,165,4/3/2023,OCD,110,0,Sabrina Bryant,vdixon@example.com
P_new_159,60,Female,asian,150lbs,165,5/26/2017,DEP,140,0,Gregory Mclean,psmith@example.com
P_new_53,34,Male,,110,180,3/12/2020,,110,1,Richard Simmons,perrydavid@example.org
P_new_129,60,M,,150lbs,,2/8/2018,ANX,140,1,Andre Pugh,cjohnston@example.net
P_new_4,200,F,asian,90,160,5/4/2022,,110,1,Stephen Russell,carmenosborne@example.net
P_new_158,45,Female,Caucasian,70,165,8/28/2023,DEP,90,1,Caitlin Wyatt,deborahsims@example.com
P_new_29,200,Female,African,,165,4/11/2022,,140,0,Jeremy Elliott,antonio08@example.net
P023,25,,Caucasian,150lbs,170,5/20/2020,ANXITY,500,0,Carrie Johnson,williamskyle@example.net
P_new_109,25,,asian,90,160,3/4/2024,DEP,90,1,Katherine Stone,fitzpatrickbethany@example.com
P_new_69,60,Female,Asian,150lbs,180,10/10/2022,OCD,140,0,Cassandra Duncan,kclark@example.org
P_new_1,25,M,Caucasian,90,160,9/7/2020,DEP,90,0,Leonard Ponce,lyonsgarrett@example.net
P012,45,M,,75,170,,OCD,500,0,Jessica Collins,cgoodman@example.org
P_new_162,25,Female,,90,,3/23/2023,,90,0,April Neal,fvasquez@example.com
P_new_127,60,,Caucasian,,180,30/10/2016,DEP,90,0,Eric Osborne,fgomez@example.com
P007,50,Female,caucasian,160lbs,165,15/06/2021,,85,0,Lacey Greene,kylehughes@example.net
P028,,F,,80,160,5/20/2020,DEP,90,1,Jeremy Jones,cynthiahopkins@example.net
P_new_88,,Female,,,,15/09/2024,ANX,90,1,Patty Watson,qcollins@example.com
P005,45,Other,asian,75,160,15/06/2021,,500,0,Kayla Douglas,tluna@example.org
P_new_0,45,,asian,70,180,12/25/2021,ANX,110,0,Brenda Harper,colemanscott@example.org
P_new_110,200,F,African,,,12/9/2016,ANX,500,1,Maria Rogers,julieortega@example.com
P_new_113,60,Male,Hispanic,150lbs,,10/13/2018,DEP,140,1,Vicki Clements,wongdonna@example.org
P_new_77,60,,,110,180,17/03/2019,DEP,140,0,Mr. Walter Bennett Jr.,amyedwards@example.com
P_new_112,,Female,African,110,160,19/03/2021,OCD,500,1,John Patel,floydjared@example.net
P011,,Other,asian,75,160,1/10/2022,ocd,100,1,Scott Giles,maureen50@example.com
P_new_30,25,Male,Caucasian,90,160,12/11/2021,ocd,,0,Shelia Taylor,timothy51@example.net
P_new_80,34,F,African,90,165,6/11/2023,OCD,140,0,Pamela Haas,dillon40@example.com
P_new_114,25,M,African,150lbs,160,3/12/2021,ocd,140,1,Sarah Stewart,greenenina@example.com
P_new_134,25,F,Asian,70,,26/07/2020,,140,0,Alex Huber,cynthiasmith@example.com
P001,30,F,Caucasian,75,175,15/06/2021,ANXITY,500,0,Joseph Hawkins,qsmith@example.org
P_new_166,60,F,,110,180,4/27/2020,ANXITY,90,0,Jared Hudson,srojas@example.com
P_new_121,25,Male,African,150lbs,165,7/2/2021,DEP,500,1,Kenneth Wagner,frush@example.net
P_new_38,,M,,110,165,24/08/2017,,500,1,Jeffrey Thomas,brian51@example.com
P_new_91,45,F,Asian,110,175,25/02/2016,,,1,David Richardson,stevenunderwood@example.org
P_new_32,200,,Hispanic,90,,19/12/2021,ANX,,1,Amanda Stone,clarkdavid@example.com
P_new_12,45,M,African,90,160,18/07/2020,DEP,,0,Cynthia Aguilar,ymorales@example.net
P_new_131,34,F,African,90,175,4/11/2024,ocd,,0,Amanda Hopkins,xlopez@example.net
P029,60,,,,160,,OCD,90,0,Heather Spencer,amandabaldwin@example.com
P_new_8,,Male,asian,90,160,29/07/2019,ANXITY,,1,Michele Little,jbanks@example.com
P_new_76,60,F,Caucasian,90,180,13/06/2025,,140,1,Paul Kaiser,flowersbrian@example.org
P_new_123,34,Female,Asian,150lbs,,3/12/2016,ANX,110,0,Donald Ramirez,timothystafford@example.net
P_new_124,34,,asian,,180,12/11/2017,OCD,140,0,Amber Franklin,hodgessarah@example.org
P026,60,Male,Asian,,165,1/10/2022,,85,1,Mark Sellers,martinezkevin@example.com
P024,60,,,80,,,ANX,,0,Kari Reed,barbaracook@example.com
P_new_152,45,M,Asian,90,165,8/11/2017,ocd,500,0,Frederick Stewart,zrogers@example.com
P_new_115,,F,,90,,8/8/2018,DEP,500,1,Kimberly Thomas,hughestara@example.net
P_new_49,,F,,,160,19/03/2019,DEP,500,0,Michael Houston,xwilson@example.com
P_new_7,,F,asian,,175,1/2/2023,,,1,Yvonne Wright,colestacy@example.net
P_new_136,25,F,asian,150lbs,165,30/05/2025,DEP,500,1,Barbara Gonzalez,christina47@example.com
P_new_15,,Female,asian,150lbs,,7/8/2019,,,1,Joseph Drake,tracy69@example.com
P_new_62,60,Female,Asian,90,160,12/1/2024,ANX,,0,Tina Erickson,nmoreno@example.org
P_new_122,34,Male,Hispanic,150lbs,180,10/3/2018,ANXITY,500,1,Holly Griffin,lijeffrey@example.net
P_new_11,25,Female,Asian,90,165,5/20/2025,DEP,110,1,Matthew Carter,vsmith@example.org
P_new_106,45,Female,Caucasian,150lbs,160,8/1/2020,,,1,Pamela Henderson,laurenmclaughlin@example.org
P004,25,M,Asian,150lbs,175,15/06/2021,ANX,,1,Noah Anderson PhD,travislandry@example.org
P_new_73,34,,Asian,90,,24/08/2017,ocd,,1,Michael Henderson,ytucker@example.net
P_new_21,200,F,Asian,,,11/16/2020,OCD,500,1,Stacy Brown,amy88@example.org
P_new_101,60,F,Hispanic,150lbs,,29/08/2023,DEP,90,1,Mrs. Anne Fowler,jessica16@example.com
P_new_148,25,M,asian,70,180,12/12/2024,DEP,500,0,Bryan Perez,paulahopkins@example.com
P_new_146,34,M,Caucasian,150lbs,,2/8/2018,OCD,140,0,Jeremy Fisher,gillmatthew@example.net
P_new_153,200,F,,90,175,5/28/2018,OCD,500,0,Jennifer Schmidt,wendygutierrez@example.com
P_new_17,34,,,110,160,7/23/2016,ocd,500,1,Hannah Maldonado,shelly57@example.org
P_new_48,25,M,African,,165,4/5/2016,OCD,110,0,Anthony Holland,dawn55@example.com
P_new_2,,M,,70,180,2/1/2023,,500,0,Kristina Cuevas,bennettsuzanne@example.net
P008,60,M,African,,170,15/06/2021,OCD,100,0,Diane Smith,erinhale@example.org
P_new_78,45,Female,Asian,70,,7/2/2019,ocd,500,1,James Harris,diazjackson@example.org
P_new_59,200,Female,,70,,6/21/2023,OCD,,1,Roger Henderson,hmorris@example.com
P_new_51,34,Female,Hispanic,110,165,3/12/2015,OCD,140,1,Grant Wolfe,lindsaylewis@example.net
P_new_144,25,Male,Hispanic,110,160,12/27/2017,ocd,500,1,Shirley Sullivan,prusso@example.net
P_new_149,25,Female,asian,70,,9/25/2018,DEP,110,0,Andrew Holmes,tonya02@example.net
P_new_57,34,F,Caucasian,90,180,4/26/2021,,500,1,Jennifer Hicks,teresa78@example.com
P009,60,Other,caucasian,80,165,,ANX,110,0,Marissa Cowan,melaniemartinez@example.net
P014,200,Other,caucasian,150lbs,170,1/10/2022,DEP,90,1,Douglas Johnson,belldaniel@example.org
P_new_27,200,Female,asian,,160,1/2/2016,ocd,90,1,Joseph Henry,pcarpenter@example.com
P_new_139,25,F,African,,165,2/15/2024,,,0,Rose Sparks,anthonytorres@example.net
P_new_99,25,M,African,110,175,19/05/2016,DEP,500,0,Mr. Ian Allen,bbrown@example.com
P018,200,Other,caucasian,75,160,15/06/2021,OCD,90,0,Christopher Diaz,hernandezkelly@example.org
P_new_40,25,Male,Caucasian,150lbs,175,1/5/2019,DEP,500,1,Thomas Roberts,elizabeth89@example.net
P_new_143,60,,Hispanic,90,160,6/1/2018,ocd,90,0,Jason Craig,delacruzwhitney@example.com
P_new_102,200,F,African,150lbs,160,6/13/2023,OCD,90,1,Brianna Miller,hbright@example.net
P_new_135,,M,Asian,90,,11/25/2016,,90,1,Alexander Kelly,sherryhayes@example.net
P_new_151,45,M,asian,70,,13/10/2015,OCD,,1,Jill Johnson,leslie65@example.com
P_new_31,45,M,Hispanic,150lbs,,31/12/2020,ANXITY,90,0,Gail Wheeler,melinda14@example.com
P_new_22,200,Male,Hispanic,70,160,14/03/2016,OCD,500,1,Jesse Brown,swheeler@example.org
P_new_75,60,,Asian,70,165,28/09/2023,ocd,140,1,Pamela Watkins,frivera@example.net
P_new_18,25,,Hispanic,110,160,9/6/2024,ANX,140,0,Dylan Crawford,imorris@example.com
P_new_164,,Male,,110,175,5/10/2018,DEP,110,0,Derek Sanders,thompsonjoseph@example.net
P_new_26,45,M,African,110,160,10/28/2015,ANX,,0,Laura Anderson,lori60@example.org
P_new_16,34,M,Hispanic,110,175,2/4/2020,ANXITY,90,1,Christina Johnson,leeamanda@example.org
P_new_56,34,Female,Hispanic,,160,9/16/2024,ocd,110,0,Ashley Willis,thayden@example.com
P022,25,Female,asian,160lbs,170,,DEP,100,0,William Nicholson,cantrellphillip@example.com
P_new_25,,M,,150lbs,175,11/26/2017,ANX,,0,Carlos Ballard,annawagner@example.org
P_new_128,34,,Caucasian,90,180,26/09/2021,,140,1,Kenneth Price,donald27@example.net
P_new_160,60,Female,African,70,165,7/1/2021,OCD,,0,Anthony Cooley,palmermarissa@example.net
P_new_97,25,M,Hispanic,110,,14/12/2018,,140,0,Jeremy Ballard,shannonspencer@example.com
P_new_5,60,F,Asian,,165,5/22/2021,ocd,110,1,Heather Smith,williamgarza@example.com
P_new_125,60,Female,African,,165,28/07/2018,ocd,110,1,Kristin Morris,laustin@example.net
P_new_161,200,,African,,165,8/3/2016,ANXITY,110,1,Jamie Powell,hking@example.org
P002,35,Other,African,,170,15/06/2021,ANXITY,,1,Jessica White MD,hlara@example.org
P_new_20,200,Female,Asian,90,,6/10/2022,OCD,110,0,Dean Harvey,mhall@example.org
P_new_117,60,Male,Asian,,175,2/10/2022,ANX,90,0,Jenna Sherman,martinezdominique@example.org
P_new_98,60,Female,Asian,150lbs,175,10/19/2019,,500,0,Jordan White,amorrison@example.net
P_new_119,60,F,Hispanic,150lbs,180,1/11/2024,ocd,,0,Joseph Chambers,ujones@example.org
P_new_71,45,M,Hispanic,90,160,22/02/2016,ANXITY,500,0,Erin Gonzalez,nicolestanley@example.net
P_new_67,34,M,Caucasian,90,180,13/05/2018,DEP,500,0,Michael Wise,wesley28@example.com
P_new_84,200,F,,150lbs,180,25/08/2017,ANX,,1,Leonard Nash,anna28@example.com
P_new_55,200,,Asian,,160,11/10/2023,ANX,500,0,Alison Turner,jtorres@example.com
P_new_42,34,Male,Hispanic,110,175,11/24/2021,ANX,500,0,Nicholas Chen,ejones@example.org
P_new_89,25,Male,Caucasian,70,165,1/7/2022,ANXITY,110,0,Kaitlyn Wade,vevans@example.com
P_new_167,,,Hispanic,,180,10/5/2020,ANX,110,0,Cassidy Dudley,hartmanamanda@example.org
P021,200,Male,,70,160,5/20/2020,ANX,90,1,Brenda Mccarthy,michaelgomez@example.net
P_new_156,,,Asian,90,180,5/1/2022,DEP,110,1,Jessica Brooks,miawall@example.com
P_new_39,60,,asian,,,3/1/2017,ocd,140,1,Tony Lee,staffordwilliam@example.org
P_new_74,34,M,Asian,110,165,5/3/2022,,90,1,Susan Stevens,wilkinszachary@example.net
P015,50,M,asian,,175,1/10/2022,ocd,90,1,Brenda Shepherd,jacobgallagher@example.org
P_new_60,200,M,Asian,,,11/8/2022,OCD,110,1,Stephen Morris,xdaniels@example.org
P_new_147,,F,African,150lbs,165,3/11/2023,ANX,110,0,Amanda Simpson,tarascott@example.org
P_new_70,200,M,Hispanic,70,180,17/01/2023,ANXITY,140,1,Terri James,collinstimothy@example.org
